file_name,participant_id,turning_force_relative,con_force_relative,baseline_weight
00_bounce70b1,00,3.5219512404057456,2.838437951222349,765.1800000000001
00_bounce70b2,00,3.4345491120241096,2.944529232556106,765.1800000000001
00_bounce70b3,00,3.4380682235163023,2.9437862556908967,765.1800000000001
00_bounce70nb2,00,3.2701256165789556,2.9444728913108333,765.1800000000001
00_bounce70nb3,00,3.0788680086683877,2.934258858588974,765.1800000000001
00_bounce70nb4,00,3.0457850021951005,2.990226905522348,765.1800000000001
00_bounce80b1,00,3.5843317264251358,3.150575524558184,765.1800000000001
00_bounce80b2,00,3.6185595442727707,3.2671025630012114,765.1800000000001
00_bounce80b3,00,3.4708767971850856,3.131522982109042,765.1800000000001
00_bounce80nb1,00,3.137116402871465,3.099471716419302,765.1800000000001
00_bounce80nb2,00,3.199751430539899,3.0973889841636835,765.1800000000001
00_bounce80nb3,00,3.0906303912576667,3.1138828539411203,765.1800000000001
02_bounce70b1,02,2.9175633030489556,2.5945904911876383,653.346
02_bounce70b2,02,2.7858278840617583,2.7333622423158004,653.346
02_bounce70b3,02,3.0176926387790357,2.65033951584302,653.346
02_bounce70nb1,02,2.4121684788359135,2.830311745874558,653.346
02_bounce70nb2,02,2.416618044263223,2.869203435506439,653.346
02_bounce70nb3,02,2.5628365192993328,2.859703205566816,653.346
02_bounce80b1,02,3.2047048621160137,2.9717444603781678,653.346
02_bounce80b2,02,2.7668479455139763,2.932380548918006,653.346
02_bounce80b3,02,3.0648323199076457,2.8213326048219405,653.346
02_bounce80nb1,02,2.707945768953919,3.01255146739866,653.346
02_bounce80nb2,02,2.7643507012893425,3.0278819773890313,653.346
02_bounce80nb3,02,2.926173655976034,2.9679957147358222,653.346
02_fastb1,02,3.0201469343058798,2.896586522393203,659.2320000000001
02_fastb2,02,3.040399513874874,2.880538215034715,659.2320000000001
02_fastb3,02,2.9170398712804535,2.9352912904730726,659.2320000000001
02_fastnb1,02,2.3995139581812177,2.9038199218766483,659.2320000000001
02_fastnb2,02,2.4882136517333135,2.86953949466216,659.2320000000001
02_fastnb3,02,2.4400476405712324,2.9574544554148456,659.2320000000001
02_slowb1,02,2.735252115689047,2.789704370336516,659.2320000000001
02_slowb2,02,2.8176564004492053,2.917668273449966,659.2320000000001
02_slowb3,02,3.03655464008645,2.9014982665778555,659.2320000000001
02_slowb4,02,3.0611637251464443,2.871899479600624,659.2320000000001
02_slownb1,02,2.1975395002992255,2.933045520739464,659.2320000000001
02_slownb2,02,2.598601079239683,2.9221544693887513,659.2320000000001
02_slownb3,02,2.4714416949072673,2.9595474649781224,659.2320000000001
03_bounce70b1,03,3.798436763529537,2.9637112863967214,882.9000000000001
03_bounce70b2,03,3.7637521963460974,3.162833207706465,882.9000000000001
03_bounce70b3,03,3.6124810632876834,3.0428760714264547,882.9000000000001
03_bounce70nb1,03,2.860786919046431,3.101176857751314,882.9000000000001
03_bounce70nb2,03,3.183207262313526,3.169625459523846,882.9000000000001
03_bounce70nb3,03,3.1789479573364727,3.127826788927839,882.9000000000001
03_bounce80b1,03,3.6337991948689945,3.283819056112686,882.9000000000001
03_bounce80b2,03,3.682222485140357,3.340027837336458,882.9000000000001
03_bounce80b3,03,3.7203530493957953,3.2951418372049677,882.9000000000001
03_bounce80nb1,03,3.2426466001771708,3.33810238468773,882.9000000000001
03_bounce80nb2,03,3.2700780325289003,3.3088432033629593,882.9000000000001
03_bounce80nb3,03,3.393550820294275,3.2751551203587157,882.9000000000001
03_fastb1,03,3.644583721242516,3.158298161878817,879.9570000000001
03_fastb2,03,3.703614284959844,3.181699883643405,879.9570000000001
03_fastb3,03,3.6232144408472813,3.096960773263745,879.9570000000001
03_fastnb1,03,2.7325552915433335,3.1454146402400425,879.9570000000001
03_fastnb2,03,3.089916632952682,3.165077444346306,879.9570000000001
03_fastnb3,03,3.103858519877037,3.1360111133371773,879.9570000000001
03_slowb1,03,3.526005567832822,3.0370890890821043,879.9570000000001
03_slowb2,03,3.6816395441836813,3.029279404406459,879.9570000000001
03_slowb3,03,3.6006000159172755,3.134728719541116,879.9570000000001
03_slownb1,03,2.8859327609964085,3.0939927344178493,879.9570000000001
03_slownb2,03,2.8986567214792593,3.2042856362271857,879.9570000000001
03_slownb3,03,2.9302321355819436,2.9892639462163424,879.9570000000001
04_bounce70b1,04,3.6079003505761915,3.1759377880073005,787.743
04_bounce70b2,04,3.7771558636350684,3.287612563230755,787.743
04_bounce70b3,04,3.5892736424634073,3.242813040669606,787.743
04_bounce70nb1,04,3.238768279161717,3.399311804002767,787.743
04_bounce70nb2,04,3.1545239817755797,3.4979236142576218,787.743
04_bounce70nb3,04,3.0319641295982813,3.310987008520707,787.743
04_bounce80b1,04,3.490029706646438,3.5162206650148393,787.743
04_bounce80b2,04,3.528105170206948,3.482499758093449,787.743
04_bounce80b3,04,3.4408207238133692,3.4056651692484747,787.743
04_bounce80nb1,04,3.1390572078822334,3.381870805941174,787.743
04_bounce80nb2,04,3.240527734953581,3.392401581261099,787.743
04_bounce80nb3,04,3.182418427077752,3.539149613311917,787.743
04_fastb1,04,3.6112301687343242,3.408008067009929,783.8190000000001
04_fastb2,04,3.8491601316814874,3.3475259356776497,783.8190000000001
04_fastb3,04,4.0026387183127525,3.327459092071893,783.8190000000001
04_fastnb1,04,2.945115310226378,3.4943828818199547,783.8190000000001
04_fastnb2,04,3.006317948643642,3.275912406144397,783.8190000000001
04_fastnb3,04,3.0916231788191006,3.442128915556514,783.8190000000001
04_slowb1,04,3.8043366706883655,3.1151980560052315,783.8190000000001
04_slowb2,04,3.946397248304314,3.196326596251023,783.8190000000001
04_slowb3,04,4.020253930254882,3.09664035658704,783.8190000000001
04_slownb1,04,3.180949744018015,3.3040212495659547,783.8190000000001
04_slownb2,04,3.095003296917096,3.2056731756194274,783.8190000000001
04_slownb3,04,3.111122470607286,3.192378414511252,783.8190000000001
05_bounce70b1,05,3.2484904346250363,2.5829874308213854,666.099
05_bounce70b2,05,3.3055519319552604,2.5747043149888444,666.099
05_bounce70b3,05,3.264403443351151,2.5680102499917057,666.099
05_bounce70b4,05,3.310429949717991,2.575890068083115,666.099
05_bounce70nb1,05,2.6902960649492282,2.5549149438942726,666.099
05_bounce70nb2,05,2.870204123622602,2.606899068278277,666.099
05_bounce70nb3,05,2.8288354263764655,2.6865596662865805,666.099
05_bounce80b1,05,3.4068950569121292,2.8471220000238695,666.099
05_bounce80b2,05,3.416926316666858,2.788910129404377,666.099
05_bounce80b3,05,3.552467727128247,2.798000626917157,666.099
05_bounce80nb1,05,2.798093572934129,2.7656596048910713,666.099
05_bounce80nb2,05,3.0192585068486215,2.8648486608652113,666.099
05_bounce80nb3,05,2.9467720138426534,2.8121996777727447,666.099
05_fastb1,05,3.177157409020123,2.6148690059298434,655.308
05_fastb2,05,3.2879082128288806,2.658906999256496,655.308
05_fastb3,05,3.0207008212840063,2.581735606728482,655.308
05_fastnb1,05,2.7236241746257024,2.6461604069786877,655.308
05_fastnb2,05,2.7297843993264594,2.6743036329030403,655.308
05_fastnb3,05,2.792331682777921,2.668599575982464,655.308
05_slowb1,05,3.1569467019707766,2.5581717006487956,655.308
05_slowb2,05,3.3001441847543593,2.613709937646939,655.308
05_slowb3,05,3.2797075577609704,2.577786488178256,655.308
05_slownb1,05,2.615338423337213,2.663648063384217,655.308
05_slownb2,05,2.569598797816284,2.679560669350148,655.308
05_slownb3,05,2.6476807303772993,2.582038877724998,655.308
07_bounce70b1,07,3.7630730027826518,3.229934691536524,829.9259999999999
07_bounce70b2,07,3.883271701078826,3.195509546165861,829.9259999999999
07_bounce70b3,07,3.8006999426722947,3.22086351653874,829.9259999999999
07_bounce70nb1,07,2.9201968557988236,3.1933985459309073,829.9259999999999
07_bounce70nb2,07,2.825197758711516,3.1015844524678755,829.9259999999999
07_bounce70nb3,07,3.0366377705611685,3.2137597370820763,829.9259999999999
07_bounce80b1,07,3.5822048148868855,3.4113777365434146,829.9259999999999
07_bounce80b2,07,3.727320252811588,3.4840141809172205,829.9259999999999
07_bounce80b3,07,3.861373521167825,3.4658495037703956,829.9259999999999
07_bounce80nb1,07,2.960335707951462,3.3604836200632846,829.9259999999999
07_bounce80nb2,07,3.0600396260445524,3.4702938318349035,829.9259999999999
07_bounce80nb3,07,3.0878605272284534,3.5247361003562085,829.9259999999999
07_fastb1,07,3.6985102559211906,3.1886430674060717,840.7170000000001
07_fastb2,07,3.5587139153812117,3.0558578573163677,840.7170000000001
07_fastb3,07,3.4578390730814066,3.196091605995193,840.7170000000001
07_fastnb1,07,3.0143866880617796,3.2743011641846027,840.7170000000001
07_fastnb2,07,3.054481977517534,3.2671749133435206,840.7170000000001
07_fastnb3,07,3.094531139845994,3.2402072200386947,840.7170000000001
07_slowb1,07,3.5740837050822174,3.010714748933376,840.7170000000001
07_slowb2,07,3.7201720579821353,3.0932553702007635,840.7170000000001
07_slowb3,07,3.511061997226231,3.176675658893549,840.7170000000001
07_slownb1,07,2.7549798737804347,3.2474207222419627,840.7170000000001
07_slownb2,07,3.0093976218076555,3.2060920156704813,840.7170000000001
07_slownb3,07,2.94609837293695,3.181518886773382,840.7170000000001
08_bounce70b1,08,3.4220942509513606,2.9120388671315864,621.9540000000001
08_bounce70b2,08,3.240673670416814,2.8815970519536958,621.9540000000001
08_bounce70b3,08,3.6491304645162086,2.8551313842610133,621.9540000000001
08_bounce70nb1,08,3.2073548729206873,2.9366957517128247,621.9540000000001
08_bounce70nb2,08,3.2183922481967797,2.9119883522476995,621.9540000000001
08_bounce70nb3,08,3.152054890399506,2.9838839307720457,621.9540000000001
08_bounce80b1,08,3.6431101466879934,3.104420448275454,621.9540000000001
08_bounce80b2,08,3.5052230561429445,3.256583575366885,621.9540000000001
08_bounce80b3,08,3.603761174263703,3.206981350865415,621.9540000000001
08_bounce80nb1,08,3.1959026362474616,3.300185767655829,621.9540000000001
08_bounce80nb2,08,3.292160019097453,3.2768434156864785,621.9540000000001
08_bounce80nb3,08,3.2414010307328316,3.203013508008926,621.9540000000001
08_fastb1,08,3.451658772250971,3.0179948832218897,635.688
08_fastb2,08,3.5845148170665477,2.887490058634472,635.688
08_fastb3,08,3.492623058002785,2.9828720076771837,635.688
08_fastnb1,08,2.9429232333551503,3.03494357439722,635.688
08_fastnb2,08,2.6880209641886013,3.076206790937187,635.688
08_fastnb3,08,2.653164711816138,3.0062458528726936,635.688
08_slowb1,08,3.545111233735683,2.8438860495671268,635.688
08_slowb2,08,3.665638619504046,2.7504369319526885,635.688
08_slowb3,08,3.6815972075031222,2.8503140358617136,635.688
08_slownb1,08,2.9333483075657956,2.8486470973747147,635.688
08_slownb2,08,2.9334606821702245,2.978931008019966,635.688
08_slownb3,08,2.903631642400139,3.052951763072948,635.688
09_bounce70b1,09,3.2712524705752832,2.7786895744411133,830.907
09_bounce70b2,09,3.3522331661547886,2.924674124346012,830.907
09_bounce70b3,09,3.2860147683033625,2.827677742316927,830.907
09_bounce70nb1,09,2.8945781380140208,3.1635830887828007,830.907
09_bounce70nb2,09,3.1556160787453384,3.2042252695480014,830.907
09_bounce70nb3,09,2.9629106386774584,3.0447691715286136,830.907
09_bounce80b1,09,3.3862207588618984,3.0519614524370993,830.907
09_bounce80b2,09,3.281491585952986,3.0203962141477847,830.907
09_bounce80b3,09,3.2707172994334233,2.9525563586505825,830.907
09_bounce80nb1,09,3.1373390053240615,3.1694366584541798,830.907
09_bounce80nb2,09,3.1749630376921245,3.0721152215361323,830.907
09_bounce80nb3,09,3.132260177928559,3.383479612662504,830.907
09_fastb1,09,3.3124321297007877,2.981985525320767,808.344
09_fastb2,09,3.2257372615450546,2.8959839957800577,808.344
09_fastb3,09,3.064755553658565,2.845621063294214,808.344
09_fastnb1,09,2.8042355885933525,2.6654427315431555,808.344
09_fastnb2,09,3.031736095495559,3.0311825504351346,808.344
09_fastnb3,09,3.010496195970355,2.914109238766935,808.344
09_slowb1,09,3.1535110640853925,2.927592830601581,808.344
09_slowb2,09,3.1303134006986006,2.4661937795854136,808.344
09_slowb3,09,3.341437141547221,2.8550904132813133,808.344
09_slownb1,09,3.0741916171514907,2.933004172110978,808.344
09_slownb2,09,3.104172856706703,2.857633031040142,808.344
09_slownb3,09,2.958541393655468,3.0973717329444885,808.344
10_bounce70b1,10,3.5354034522447026,2.309668122319301,784.8000000000001
10_bounce70b2,10,3.457735284611918,2.46466420559559,784.8000000000001
10_bounce70b3,10,3.37068252800219,2.5626432267250485,784.8000000000001
10_bounce70nb1,10,2.737441095330798,2.7173504674247773,784.8000000000001
10_bounce70nb2,10,2.6999650799205277,2.6065225956871054,784.8000000000001
10_bounce70nb3,10,2.9192326410075133,2.773185879801185,784.8000000000001
10_bounce80b1,10,3.348093283519008,2.8721016282527345,784.8000000000001
10_bounce80b2,10,3.483965092988076,2.8554000756842193,784.8000000000001
10_bounce80b3,10,3.418217513426361,2.884561297438671,784.8000000000001
10_bounce80nb1,10,2.990975596859474,2.872999166586738,784.8000000000001
10_bounce80nb2,10,3.180370317753497,2.8538400358970875,784.8000000000001
10_bounce80nb3,10,3.4920895108946564,2.8265758311486504,784.8000000000001
10_fastb1,10,3.090712571876324,2.539933369948113,817.173
10_fastb2,10,3.241982984778199,2.57747359880538,817.173
10_fastb3,10,3.2979207691435444,2.5738568857868374,817.173
10_fastnb1,10,2.614120072447954,2.5885866801399655,817.173
10_fastnb2,10,2.425508322176125,2.6055671789097246,817.173
10_fastnb3,10,,,817.173
10_slowb1,10,3.3021316167461765,2.4559604683260576,817.173
10_slowb2,10,3.142768504682012,2.5897685134624493,817.173
10_slowb3,10,3.1671784884786294,2.481657744034518,817.173
10_slownb1,10,2.2207844776169026,2.6583121758497534,817.173
10_slownb2,10,2.4877415134112972,2.7173896632298016,817.173
10_slownb3,10,2.477532910210762,2.702426260131604,817.173
12_bounce70b1,12,3.4156261590462336,3.16121743996488,905.463
12_bounce70b2,12,3.5578762193366336,3.246649779692061,905.463
12_bounce70b3,12,3.4174254551546315,3.2811777255529457,905.463
12_bounce70nb1,12,2.8921227742742244,3.2244094091968076,905.463
12_bounce70nb2,12,3.2393722969624816,3.2051172978329054,905.463
12_bounce70nb3,12,3.2159852077983238,3.2114570372211024,905.463
12_bounce80b1,12,3.6269160655783117,3.376523079126545,905.463
12_bounce80b2,12,3.417789893890391,3.5748754382607646,905.463
12_bounce80b3,12,3.56388802940336,3.5877179133557267,905.463
12_bounce80nb1,12,3.361904463220593,3.509206534589854,905.463
12_bounce80nb2,12,3.3873396021661506,3.4139513253613543,905.463
12_bounce80nb3,12,3.445065400601486,3.5793552997457443,905.463
12_fastb1,12,3.1324389207597156,3.055547060614995,904.4820000000001
12_fastb2,12,3.182182582359107,3.1201729519011403,904.4820000000001
12_fastb3,12,3.132054743245015,3.1500884369969735,904.4820000000001
12_fastnb1,12,2.7946738852621333,3.0716269561383913,904.4820000000001
12_fastnb2,12,2.86616536059598,3.2212056339658055,904.4820000000001
12_fastnb3,12,2.8270049106301554,3.2842889068943064,904.4820000000001
12_slowb1,12,3.272098810271961,3.051988153676754,904.4820000000001
12_slowb2,12,3.2958322072533646,3.0024011193949427,904.4820000000001
12_slowb3,12,3.298748771740463,3.109642903052711,904.4820000000001
12_slownb1,12,2.939388108507749,2.957433955617785,904.4820000000001
12_slownb2,12,2.9850037024381693,3.068285247380576,904.4820000000001
12_slownb3,12,3.1007693829837204,3.099517158663108,904.4820000000001
13_bounce70b1,13,3.917544037149859,3.0638849372959447,809.325
13_bounce70b2,13,4.134383116909892,3.1538758728763487,809.325
13_bounce70b3,13,4.121647772312395,3.117346468008731,809.325
13_bounce70nb1,13,3.273542813988077,3.3372714778984767,809.325
13_bounce70nb2,13,3.608725629486662,3.253242485983527,809.325
13_bounce70nb3,13,3.5949688382654807,3.195121097725331,809.325
13_bounce80b1,13,4.164633073813033,3.3870961348118835,809.325
13_bounce80b2,13,4.2144324089105,3.4879605572708017,809.325
13_bounce80b3,13,4.194724546925646,3.435348892139343,809.325
13_bounce80nb1,13,3.768055133478057,3.5568510175385137,809.325
13_bounce80nb2,13,3.7659572557101537,3.533308096777396,809.325
13_bounce80nb3,13,3.781497802870196,3.560649137240701,809.325
13_fastb1,13,3.7690329196545846,3.07885376247183,796.5720000000001
13_fastb2,13,3.9063155720979443,3.112976774503144,796.5720000000001
13_fastb3,13,3.7641504158137624,2.8572437074980375,796.5720000000001
13_fastnb1,13,3.5316455717651847,3.242709905241031,796.5720000000001
13_fastnb2,13,3.51191521602336,3.157798909081939,796.5720000000001
13_fastnb3,13,3.4243254913824517,3.2448589243771044,796.5720000000001
13_slowb1,13,3.6295718754835744,3.18142353778208,796.5720000000001
13_slowb2,13,3.619531530753958,3.1748962433149495,796.5720000000001
13_slowb3,13,3.6950703989548344,3.1258758326039766,796.5720000000001
13_slownb1,13,3.2474619842976926,3.197255674920405,796.5720000000001
13_slownb2,13,3.249108679149382,3.1419152323310335,796.5720000000001
13_slownb3,13,3.3545337294629003,2.9997725075034376,796.5720000000001
14_bounce70b1,14,3.1779668195386654,2.6936485807672015,746.5409999999999
14_bounce70b2,14,3.281393940591967,2.6164528412707226,746.5409999999999
14_bounce70b3,14,3.3428676176087366,2.6078809741136304,746.5409999999999
14_bounce70b4,14,3.3705152059472763,3.3705152059472763,746.5409999999999
14_bounce70nb1,14,3.147675236645662,2.7370202237576344,746.5409999999999
14_bounce70nb2,14,3.203864074764774,2.5827660372558965,746.5409999999999
14_bounce70nb3,14,3.117185534445937,2.6863781946556973,746.5409999999999
14_bounce80b1,14,3.788777124863554,2.822343615206459,746.5409999999999
14_bounce80b2,14,3.475398243496294,2.746265430064951,746.5409999999999
14_bounce80b3,14,3.4151562820459955,2.8458549270838143,746.5409999999999
14_bounce80nb1,14,3.092832605967369,2.887472287951266,746.5409999999999
14_bounce80nb2,14,3.167798093668432,2.992532771049119,746.5409999999999
14_bounce80nb3,14,3.313336367339532,2.930450608763751,746.5409999999999
14_fastb1,14,3.0779264319226436,2.6813115814116957,755.37
14_fastb2,14,3.272438537969011,2.4937495731390165,755.37
14_fastb3,14,3.1760621508429727,2.461549575607128,755.37
14_fastnb1,14,2.650800746053925,2.4260298080623284,755.37
14_fastnb2,14,2.6361878037512234,2.4210041932436908,755.37
14_fastnb3,14,2.6642348005954464,2.4488482326370185,755.37
14_slowb1,14,2.99543883845521,2.3893638650798716,755.37
14_slowb2,14,3.208017281905168,2.365031124438689,755.37
14_slowb3,14,3.1564728397282154,2.4693111744710854,755.37
14_slownb1,14,2.5338907032055333,2.3064041308520933,755.37
14_slownb2,14,2.5262261811929805,2.308440033514753,755.37
14_slownb3,14,2.616985113484537,2.473782802314169,755.37
15_bounce70b1,15,3.6765719721075834,2.6380665329777466,832.8690000000001
15_bounce70b2,15,3.7177671457041908,2.6910793121966994,832.8690000000001
15_bounce70b3,15,3.526954732563824,2.7578154664510315,832.8690000000001
15_bounce70nb1,15,2.8068187917286007,2.640526151823599,832.8690000000001
15_bounce70nb2,15,2.8259703935376868,2.7092842132220993,832.8690000000001
15_bounce70nb3,15,2.6769576541513347,2.7376850994772917,832.8690000000001
15_bounce80b1,15,3.5269429958702276,2.904444980114388,832.8690000000001
15_bounce80b2,15,3.4912027117129334,2.915503916764672,832.8690000000001
15_bounce80b3,15,3.4005690795483194,2.897923754827467,832.8690000000001
15_bounce80nb1,15,2.832430071579401,2.9780660687324465,832.8690000000001
15_bounce80nb2,15,2.9531572575723875,3.0082084602237966,832.8690000000001
15_bounce80nb3,15,2.9637588394358367,3.0535906738289613,832.8690000000001
15_fastb1,15,3.63622030194077,2.5999199401687325,830.907
15_fastb2,15,3.445328218880356,2.673688198222486,830.907
15_fastb3,15,3.4112157096023865,2.5880015942090746,830.907
15_fastnb1,15,2.620594257327965,2.6311645342626058,830.907
15_fastnb2,15,2.991678968164899,2.8371004803906756,830.907
15_fastnb3,15,3.112487665977717,2.694314884877811,830.907
15_slowb1,15,3.5224411620195073,2.589548949165012,830.907
15_slowb2,15,3.532769012096733,2.552383927794752,830.907
15_slowb3,15,3.5582265751695963,2.6451317272215618,830.907
15_slownb1,15,2.9849592009391714,2.7092770250896576,830.907
15_slownb2,15,2.9391642321537104,2.6569937865419186,830.907
15_slownb3,15,2.948724402984896,2.7435723403143006,830.907
16_bounce70b1,16,4.343108545846775,2.707848359142494,853.47
16_bounce70b2,16,4.605420933579806,2.7675599560241344,853.47
16_bounce70b3,16,4.190193857799974,2.767417471359215,853.47
16_bounce70nb1,16,3.2829332465743053,2.9248238660161365,853.47
16_bounce70nb2,16,3.5042973697876016,3.043640689552718,853.47
16_bounce70nb3,16,3.6068169641437438,3.1245662520066717,853.47
16_bounce80b1,16,4.47207076178711,2.9649633899754337,853.47
16_bounce80b2,16,4.464572051687305,3.006783597898572,853.47
16_bounce80b3,16,4.411283913829039,3.028348263942791,853.47
16_bounce80nb1,16,3.554437363425031,2.968250333948234,853.47
16_bounce80nb2,16,3.635734268114354,3.004019137614679,853.47
16_bounce80nb3,16,3.554840509305777,3.023384107172192,853.47
17_bounce70b1,17,3.1268850244424775,2.5523443241466026,831.888
17_bounce70b2,17,3.248747736577782,2.5596017161437263,831.888
17_bounce70b3,17,3.2339013570286355,2.7395715172244555,831.888
17_bounce70nb1,17,2.7074053229580186,2.650006181338579,831.888
17_bounce70nb2,17,3.0146572563813114,2.7095911864099897,831.888
17_bounce70nb3,17,2.7934129238270478,2.753826285106067,831.888
17_bounce80b1,17,3.3751088403116873,2.883859702395746,831.888
17_bounce80b2,17,3.396032432545395,2.9100683815475046,831.888
17_bounce80b3,17,3.436242036590174,2.83560966205966,831.888
17_bounce80nb1,17,2.8018204394536665,2.7924194663126927,831.888
17_bounce80nb2,17,2.8339766727604476,2.7554382967800977,831.888
17_bounce80nb3,17,2.9778769078451566,2.7748804279241925,831.888
17_fastb1,17,3.0307487972693106,2.779874506364529,834.831
17_fastb2,17,3.064953334533758,2.7820326360596517,834.831
17_fastb3,17,3.003786030198639,2.7632702951793977,834.831
17_fastnb1,17,2.5250229764923477,2.8355025548795494,834.831
17_fastnb2,17,2.5184984028858755,2.7762951876460398,834.831
17_fastnb3,17,2.5064951153588306,2.8080163009483403,834.831
17_slowb1,17,3.2515078487207005,2.5607982237179203,834.831
17_slowb2,17,3.1233246931802197,2.632703404469703,834.831
17_slowb3,17,3.0603311792503183,2.5766527812973146,834.831
17_slownb1,17,2.5378942429584925,2.703390215517452,834.831
17_slownb2,17,2.5495276132003015,2.743007722814207,834.831
17_slownb3,17,3.036897887443377,2.755233094264565,834.831
18_bounce70b1,18,4.310446092701611,2.6319443049540223,702.396
18_bounce70b2,18,4.3209853541260275,2.9272000171380306,702.396
18_bounce70b3,18,4.423172053017411,2.7700046093341744,702.396
18_bounce70nb1,18,3.093439055494723,2.898618916440674,702.396
18_bounce70nb2,18,3.4636760609521176,2.887065657011149,702.396
18_bounce70nb3,18,3.1203804887792876,3.002757343940829,702.396
18_bounce80b1,18,4.41893668123593,2.9364132731887076,702.396
18_bounce80b2,18,4.327937020295711,3.191020427408339,702.396
18_bounce80b3,18,4.329481402932657,3.0301542615638923,702.396
18_bounce80nb1,18,3.6408723091223534,2.957795591922151,702.396
18_bounce80nb2,18,3.7507144658109697,3.277513480699013,702.396
18_bounce80nb3,18,3.7558516369519084,3.2274344345250094,702.396
19_bounce70b1,19,4.54588163087211,2.90060489463439,714.168
19_bounce70b2,19,4.506915596331911,2.9489076586593512,714.168
19_bounce70b3,19,4.372237363378538,2.9157576032378563,714.168
19_bounce70nb1,19,2.9761246171828324,3.0592873131271197,714.168
19_bounce70nb2,19,2.7830370994001905,3.2460560369027087,714.168
19_bounce70nb3,19,2.9274393990721688,3.1549499723894474,714.168
19_bounce80b1,19,4.5120300069295105,2.920424768719181,714.168
19_bounce80b2,19,4.5304746857971825,3.134907866687312,714.168
19_bounce80b3,19,4.40708946062861,3.201503621639113,714.168
19_bounce80nb1,19,2.959788798320755,3.23216439780906,714.168
19_bounce80nb2,19,3.040755014143245,3.2721580695110104,714.168
19_bounce80nb3,19,3.0349299230216813,3.3356117502249156,714.168
19_fastb1,19,4.224574425449433,2.9359512065859312,728.883
19_fastb2,19,4.2037119920592945,2.9624032348699587,728.883
19_fastb3,19,4.110152049909233,3.0132000655264095,728.883
19_fastnb1,19,2.9774362058142807,3.052966956569145,728.883
19_fastnb2,19,2.933638839701955,3.1580115932265835,728.883
19_fastnb3,19,2.8310347282836537,3.0753614671175638,728.883
19_slowb1,19,4.054803037728966,3.000466101018141,728.883
19_slowb2,19,4.154571632602827,2.977884097213632,728.883
19_slowb3,19,4.206287039035114,2.931252668827425,728.883
19_slownb1,19,2.8792358835608844,3.063419418194517,728.883
19_slownb2,19,2.9262960523325545,3.0899503809437254,728.883
19_slownb3,19,2.766575140717186,3.039988555047409,728.883
20_bounce70b1,20,3.3709793308211586,2.859973054227993,619.9920000000001
20_bounce70b2,20,3.419325386682246,2.853064211346398,619.9920000000001
20_bounce70b3,20,3.3215121456038164,2.9541168018714377,619.9920000000001
20_bounce70nb1,20,2.6783044645167724,3.0939904037879895,619.9920000000001
20_bounce70nb2,20,2.7512789533531867,3.2278159783763702,619.9920000000001
20_bounce70nb3,20,2.64601878412286,3.2466824768447036,619.9920000000001
20_bounce80b1,20,3.2984768466306997,3.2772337631328736,619.9920000000001
20_bounce80b2,20,3.468548705253272,3.152499664077897,619.9920000000001
20_bounce80b3,20,3.434891608251296,3.167584091166376,619.9920000000001
20_bounce80nb1,20,2.860487045598019,3.192419558911871,619.9920000000001
20_bounce80nb2,20,2.887788878694836,3.2356309476662815,619.9920000000001
20_bounce80nb3,20,2.8377845926758054,3.232707481143622,619.9920000000001
21_bounce70b1,21,2.4568727599959357,2.364421330420661,893.691
21_bounce70b2,21,3.083934328228961,2.4875040038638576,893.691
21_bounce70b3,21,3.307549725179251,2.5371312965143944,893.691
21_bounce70nb1,21,2.557011689780235,2.5115998543054645,893.691
21_bounce70nb2,21,2.7310553078978494,2.5316285413687396,893.691
21_bounce70nb3,21,2.9527524813573622,2.4219463229672873,893.691
21_bounce80b1,21,3.2234442967580232,2.6440260294516182,893.691
21_bounce80b2,21,3.409925056253472,2.6360308610758647,893.691
21_bounce80b3,21,3.2339295889620967,2.716834477655222,893.691
21_bounce80nb1,21,2.6267656761574143,2.61648378312554,893.691
21_bounce80nb2,21,2.698185169137419,2.6636007190036235,893.691
21_bounce80nb3,21,2.662573654645278,2.7227326336270714,893.691
21_fastb1,21,2.938211955324189,2.5988549302292037,885.843
21_fastb2,21,2.98346768787917,2.5226160713134202,885.843
21_fastb3,21,2.9670436211050006,2.5893470175461233,885.843
21_fastnb1,21,2.4646182131160748,2.424195014114071,885.843
21_fastnb2,21,2.1666400490210873,2.559367482422407,885.843
21_fastnb3,21,2.508775520386716,2.5585464920979617,885.843
21_slowb1,21,2.5340076848878255,2.4981272974750004,885.843
21_slowb2,21,3.2150608633051325,2.498019311411634,885.843
21_slowb3,21,3.193018542708074,2.5520278152844966,885.843
21_slownb1,21,2.3672406061654097,2.513802261746855,885.843
21_slownb2,21,2.5244962956292336,2.5243325993723653,885.843
21_slownb3,21,2.6423554701112426,2.5484164166007655,885.843
22_bounce70b1,22,4.117284335405238,2.283386449188323,584.676
22_bounce70b2,22,4.2378431155958545,2.631218768698554,584.676
22_bounce70b3,22,4.136708912197743,2.7316039602414244,584.676
22_bounce70nb1,22,2.8426387710250474,2.755571028233831,584.676
22_bounce70nb2,22,2.649643264673587,2.7572624516199866,584.676
22_bounce70nb3,22,2.7395908609594506,2.729781956102433,584.676
22_bounce80b1,22,4.149292600761729,2.9513846062638716,584.676
22_bounce80b2,22,4.129982712161559,2.9371821848082793,584.676
22_bounce80b3,22,4.184130145915785,2.9679797282909766,584.676
22_bounce80nb1,22,3.048558020175228,2.994733224663477,584.676
22_bounce80nb2,22,3.1395627606983876,2.939441245067095,584.676
22_bounce80nb3,22,3.176246277957566,3.176246277957566,584.676
22_fastb1,22,4.170888768328077,2.67864219580841,599.3910000000001
22_fastb2,22,3.9170706389718215,2.648314799492782,599.3910000000001
22_fastb3,22,4.028671511296312,2.756016140570256,599.3910000000001
22_fastnb1,22,2.664947107319182,2.6734104862745114,599.3910000000001
22_fastnb2,22,3.2242609393073294,2.7266813994427532,599.3910000000001
22_fastnb3,22,2.679752332568002,2.7103513654153915,599.3910000000001
22_slowb1,22,3.6461867700670316,2.556893286542791,599.3910000000001
22_slowb2,22,3.8466239255416994,2.641412445069376,599.3910000000001
22_slowb3,22,3.8926558244761345,2.6526264101025574,599.3910000000001
22_slownb1,22,2.556903685725778,2.616729962557696,599.3910000000001
22_slownb2,22,2.860779691225417,2.6668899428693478,599.3910000000001
22_slownb3,22,2.867743919416821,2.673707070590921,599.3910000000001
23_bounce70b1,23,3.4536500435703497,3.075012037223343,953.532
23_bounce70b2,23,3.669300275939392,3.2233964071558776,953.532
23_bounce70b3,23,3.558904243700112,3.30871327346031,953.532
23_bounce70nb1,23,3.1498379526925055,3.177054195797011,953.532
23_bounce70nb2,23,3.180165432614925,3.274018148426626,953.532
23_bounce70nb3,23,3.1402965848649678,3.2002141705014573,953.532
23_bounce80b1,23,3.8653515724538146,3.372797996281974,953.532
23_bounce80b2,23,3.7088998890207994,3.49092360702079,953.532
23_bounce80b3,23,3.730428236109094,2.9607854017686113,953.532
23_bounce80nb1,23,3.2833029534768605,3.4652047201733227,953.532
23_bounce80nb2,23,3.3245976615511537,3.512491012160105,953.532
23_bounce80nb3,23,3.308257457758171,3.7265037577877966,953.532
23_fastb1,23,3.6141776669928123,3.299510519155266,955.4940000000001
23_fastb2,23,3.6313193365354013,3.2071247304432364,955.4940000000001
23_fastb3,23,3.47813232622684,3.025886615526397,955.4940000000001
23_fastnb1,23,2.966690686578403,3.4185895982552092,955.4940000000001
23_fastnb2,23,2.937509345629647,3.5000908859696294,955.4940000000001
23_fastnb3,23,2.950299329501792,3.4992346361883597,955.4940000000001
23_slowb1,23,3.5081698310535687,3.0545685654978456,955.4940000000001
23_slowb2,23,3.70960736498981,3.007715108711558,955.4940000000001
23_slowb3,23,3.533224469891677,2.8007164204762742,955.4940000000001
23_slownb1,23,3.107123522302854,2.936236390137687,955.4940000000001
23_slownb2,23,3.1501281982654126,2.7822972091643448,955.4940000000001
23_slownb3,23,3.047640673842432,2.9202707514067905,955.4940000000001
24_bounce70b1,24,3.115451076456413,2.8975581564126793,927.0450000000001
24_bounce70b2,24,3.389313038119432,2.7034133381550034,927.0450000000001
24_bounce70b3,24,3.053320753534502,2.4408629671255393,927.0450000000001
24_bounce70b4,24,3.115357568717857,2.7525701656803188,927.0450000000001
24_bounce70nb1,24,2.7022789332441066,2.857016889944446,927.0450000000001
24_bounce70nb2,24,2.6976660288298566,2.961608351914036,927.0450000000001
24_bounce70nb3,24,2.843889884181624,3.020169907436204,927.0450000000001
24_bounce80b1,24,3.3137028312181824,3.0862812804764936,927.0450000000001
24_bounce80b2,24,3.0600498479895597,2.972586074614918,927.0450000000001
24_bounce80b3,24,3.1462312383855546,3.126071834336507,927.0450000000001
24_bounce80nb1,24,2.7478171658771906,3.203287580979171,927.0450000000001
24_bounce80nb2,24,2.971349108958128,3.184710343111189,927.0450000000001
24_bounce80nb3,24,2.9017571403099303,3.2466721944318233,927.0450000000001
24_fastb1,24,3.104516262713921,2.977110622813978,895.653
24_fastb2,24,3.2770389848753085,3.0607278691171107,895.653
24_fastb3,24,3.1147830247711576,2.624406254431474,895.653
24_fastb4,24,3.090522618108778,2.9988443310425126,895.653
24_fastnb1,24,2.6400226863006435,3.0518582334931166,895.653
24_fastnb2,24,2.8699224963960908,2.986728539023283,895.653
24_fastnb3,24,2.6213461367484374,3.070487066585841,895.653
24_fastnb4,24,2.611107596362174,3.168114313779521,895.653
24_slowb1,24,2.505591504382625,2.9253362622192665,895.653
24_slowb2,24,2.9206432717102344,2.933098572246588,895.653
24_slowb3,24,3.1427187320875514,2.9210979972177666,895.653
24_slowb4,24,3.141859248532153,3.108815839824564,895.653
24_slownb1,24,2.6482962968170587,3.1224277512269443,895.653
24_slownb2,24,2.650644261289658,3.17728273039566,895.653
24_slownb3,24,2.6560469453144946,2.9022024498604955,895.653
25_bounce70b1,25,4.7777724669249455,3.1054731318491906,969.2280000000001
25_bounce70b2,25,4.973694253355856,3.0425198276345458,969.2280000000001
25_bounce70b3,25,4.828228396899253,3.051402905527636,969.2280000000001
25_bounce70nb1,25,3.778006953042066,3.092338514429799,969.2280000000001
25_bounce70nb2,25,3.6803929154752955,3.1101940836422712,969.2280000000001
25_bounce70nb3,25,3.7916442914441673,3.120713019368897,969.2280000000001
25_bounce80b1,25,4.922396566638766,3.211706056713859,969.2280000000001
25_bounce80b2,25,5.003729583343516,3.2710284282973867,969.2280000000001
25_bounce80b3,25,5.005655871167261,3.325572120195913,969.2280000000001
25_bounce80nb1,25,3.933995053221509,3.297783351244283,969.2280000000001
25_bounce80nb2,25,3.9815645594355407,3.2296084805976255,969.2280000000001
25_bounce80nb3,25,3.968362641135943,3.260148887840763,969.2280000000001
26_bounce70b1,26,3.769682168580262,3.079464518090114,918.216
26_bounce70b2,26,3.72651324118168,3.1318616359143596,918.216
26_bounce70b3,26,3.455326342669948,3.186992131978289,918.216
26_bounce70nb1,26,3.0923295180918315,2.677087893766835,918.216
26_bounce70nb2,26,2.864942440346289,3.0901742989117134,918.216
26_bounce70nb3,26,2.87247019082189,2.684204168189691,918.216
26_bounce80b1,26,3.8032544006937354,3.2417801330973095,918.216
26_bounce80b2,26,3.7595222842780625,3.396124276150167,918.216
26_bounce80b3,26,3.7018341651552724,3.4571278534644234,918.216
26_bounce80nb1,26,2.8933390617625743,3.131667858810343,918.216
26_bounce80nb2,26,2.893998829923286,3.0317680631204373,918.216
26_bounce80nb3,26,2.998959917702323,3.2736886530845335,918.216
26_fastb1,26,3.3537386545348924,3.052351501667841,920.178
26_fastb2,26,3.775280048448011,3.0598188705537357,920.178
26_fastb3,26,3.719585107568116,3.2278100679647834,920.178
26_fastnb1,26,3.049161734271119,2.5736111267407167,920.178
26_fastnb2,26,3.2197895732157966,3.047790729367791,920.178
26_fastnb3,26,3.231214953958869,3.061811149060447,920.178
26_slowb1,26,3.7142599007820243,2.809259291052822,920.178
26_slowb2,26,3.431086120096444,3.0386502010574823,920.178
26_slowb3,26,3.347609677977506,3.0899203199432512,920.178
26_slownb1,26,2.82084653490135,2.9344405296346983,920.178
26_slownb2,26,3.0209204791778808,3.124672847111026,920.178
26_slownb3,26,2.841308913826233,3.211557538403449,920.178
27_bounce70b1,27,2.899610711000883,2.5010868912365853,700.4340000000001
27_bounce70b2,27,2.7483461534958322,2.6862426442736025,700.4340000000001
27_bounce70b3,27,2.9559203960110527,2.5893316428288813,700.4340000000001
27_bounce70nb1,27,2.3605026051816966,2.6210620410508128,700.4340000000001
27_bounce70nb2,27,2.300823270275218,2.746453095958736,700.4340000000001
27_bounce70nb3,27,2.3570024562268506,2.814329859599145,700.4340000000001
27_bounce80b1,27,2.9707057489964246,3.0342325863542916,700.4340000000001
27_bounce80b2,27,2.7179269489378286,3.032836252880546,700.4340000000001
27_bounce80b3,27,2.767362631514458,2.9504525853230885,700.4340000000001
27_bounce80nb1,27,2.46020190351295,3.0410967378675346,700.4340000000001
27_bounce80nb2,27,2.4396783013491437,3.0505405576398767,700.4340000000001
27_bounce80nb3,27,2.4753399073287676,2.8791358041722934,700.4340000000001
27_fastb1,27,2.902792244778783,2.8332141468271548,695.5290000000001
27_fastb2,27,3.0999143295437293,2.832669038015595,695.5290000000001
27_fastb3,27,3.226288989992086,2.8507867497716846,695.5290000000001
27_fastnb1,27,2.4716927827476383,2.76495514693259,695.5290000000001
27_fastnb2,27,2.509386664571353,2.9836231406284055,695.5290000000001
27_fastnb3,27,2.636086965432436,2.8393756973394466,695.5290000000001
27_slowb1,27,2.8243418320251905,2.7543376901913947,695.5290000000001
27_slowb2,27,2.976373926101441,2.625745037679269,695.5290000000001
27_slowb3,27,2.8572715633611954,2.8274404210303854,695.5290000000001
27_slownb1,27,2.4111275441037607,2.837260925561316,695.5290000000001
27_slownb2,27,2.39840760063946,2.8180191950024325,695.5290000000001
27_slownb3,27,2.4097928189879383,2.757407798996416,695.5290000000001
28_bounce70b1,28,4.439434737707891,3.1036391049275256,937.836
28_bounce70b2,28,4.13535439220789,3.124807662542782,937.836
28_bounce70b3,28,4.276369219103388,3.1173196674629056,937.836
28_bounce70nb1,28,3.2065475057228356,2.6293795578395516,937.836
28_bounce70nb2,28,3.2420314957166445,3.1696772875322945,937.836
28_bounce70nb3,28,3.360318077098048,3.2623446083792342,937.836
28_bounce80b1,28,4.380120559899164,3.45363771485566,937.836
28_bounce80b2,28,4.318895821273084,3.4407791845493154,937.836
28_bounce80b3,28,4.0181268337560985,3.556602209265613,937.836
28_bounce80nb1,28,3.2560322901494114,3.4498568397949594,937.836
28_bounce80nb2,28,3.5494874850175036,3.6250662337690667,937.836
28_bounce80nb3,28,2.9627979604713772,3.458696076352512,937.836
29_bounce70b1,29,2.920727944110933,2.415643564756022,613.125
29_bounce70b2,29,2.737772397614686,2.532509368122123,613.125
29_bounce70b3,29,2.9800533427595255,2.474501849583058,613.125
29_bounce70nb1,29,2.5616198480704693,2.677802980638476,613.125
29_bounce70nb2,29,2.5256243882046046,2.6670716737711637,613.125
29_bounce70nb3,29,2.490231204473257,2.7771043894917984,613.125
29_bounce80b1,29,2.809725868880013,2.9460881057875645,613.125
29_bounce80b2,29,2.9505983723157447,2.7937150067458862,613.125
29_bounce80b3,29,2.9510578684776902,2.8014423925417202,613.125
29_bounce80nb1,29,2.617950687428578,2.8292465464798267,613.125
29_bounce80nb2,29,2.639945152930725,2.84714067902691,613.125
29_bounce80nb3,29,2.6401705148556194,2.883122095978387,613.125
29_fastb1,29,2.8375673417931178,2.8742687706269736,621.9540000000001
29_fastb2,29,2.914855185236994,2.7498650652663956,621.9540000000001
29_fastb3,29,2.9861816397928003,2.6959884796755396,621.9540000000001
29_fastnb1,29,2.7950616798414334,2.8064186079546194,621.9540000000001
29_fastnb2,29,2.775977685619405,2.883809673052028,621.9540000000001
29_fastnb3,29,2.6434599129949077,2.847908219036045,621.9540000000001
29_slowb1,29,2.823448571774645,2.6114189260524134,621.9540000000001
29_slowb2,29,2.8129422807894757,2.6828152690822136,621.9540000000001
29_slowb3,29,2.8835863112854323,2.6943745675656605,621.9540000000001
29_slownb1,29,2.4197006311692904,2.8047702924862117,621.9540000000001
29_slownb2,29,2.441213988493255,2.862432233921226,621.9540000000001
29_slownb3,29,2.402736984445002,2.814746756627554,621.9540000000001
31_bounce70b1,31,3.4768968854693183,2.8121937290031576,718.0920000000001
31_bounce70b2,31,3.4768404938647883,2.907087672202366,718.0920000000001
31_bounce70b3,31,3.4752827124849905,2.9055635727304194,718.0920000000001
31_bounce70nb1,31,3.0997785991678732,2.8912342005135945,718.0920000000001
31_bounce70nb2,31,2.8633932943874383,2.965345703917526,718.0920000000001
31_bounce70nb3,31,2.9868573740774274,2.8946578181145046,718.0920000000001
31_bounce80b1,31,3.5021327097223303,3.0422873740806713,718.0920000000001
31_bounce80b2,31,3.520395959655681,3.0151096239287685,718.0920000000001
31_bounce80b3,31,3.600698301172424,2.939123069164895,718.0920000000001
31_bounce80nb1,31,3.1078360255633415,2.9823709960896987,718.0920000000001
31_bounce80nb2,31,2.9964556118869345,3.061044852462614,718.0920000000001
31_bounce80nb3,31,3.1390332085205648,3.0427633388413775,718.0920000000001
32_bounce70b1,32,3.4964470633272486,2.304160794657456,576.828
32_bounce70b2,32,3.4717289879877353,2.6541120749783698,576.828
32_bounce70b3,32,3.311115733988134,2.789831548747707,576.828
32_bounce70nb1,32,2.5336577818600357,2.838682671415951,576.828
32_bounce70nb2,32,2.971991609473128,2.8772699813601257,576.828
32_bounce70nb3,32,2.4206889399358684,2.871383940399929,576.828
32_bounce80b1,32,3.27933242900139,2.853269579627062,576.828
32_bounce80b2,32,3.366239394905829,2.9644457894516703,576.828
32_bounce80b3,32,3.5103521169229297,2.709184747138174,576.828
32_bounce80nb1,32,2.7728265618274217,3.023078175383039,576.828
32_bounce80nb2,32,2.523586898748234,2.952271083311681,576.828
32_bounce80nb3,32,2.676015829114649,3.0601288462486074,576.828
32_fastb1,32,3.73776928620095,2.6788279484449635,579.7710000000001
32_fastb2,32,3.547144502152602,2.7810159283906746,579.7710000000001
32_fastb3,32,3.4380219659682854,2.7910565603783293,579.7710000000001
32_fastnb1,32,2.818273061528346,2.860235431843559,579.7710000000001
32_fastnb2,32,2.42146412348706,2.745026389249735,579.7710000000001
32_fastnb3,32,2.6942821430914567,2.8183936169551504,579.7710000000001
32_slowb1,32,3.3510579878517657,2.7399189246924527,579.7710000000001
32_slowb2,32,3.5676334017492723,2.8081088058463317,579.7710000000001
32_slowb3,32,3.611301381521468,2.7660275960765905,579.7710000000001
32_slownb1,32,2.403229527947949,2.8145492508227132,579.7710000000001
32_slownb2,32,2.497462519985414,2.8773694075819756,579.7710000000001
32_slownb3,32,2.4805731576090264,2.8398033706628896,579.7710000000001
33_bounce70b1,33,2.8155936202663767,2.6761978475793486,875.052
33_bounce70b2,33,2.919993141855541,2.616819052572567,875.052
33_bounce70b3,33,2.867895742861828,2.8770245101912795,875.052
33_bounce70nb1,33,2.5879450031673903,2.821594334870977,875.052
33_bounce70nb2,33,2.608564888407281,3.00657775569677,875.052
33_bounce70nb3,33,2.6353362396669753,2.953942225316904,875.052
33_bounce80b1,33,2.860180628518392,2.7493049244114287,875.052
33_bounce80b2,33,2.931952939225504,2.8031516176011464,875.052
33_bounce80b3,33,2.861500912782839,2.811939943774614,875.052
33_bounce80nb1,33,2.776202671890254,2.883924724453094,875.052
33_bounce80nb2,33,2.758915667183887,3.011221813768403,875.052
33_bounce80nb3,33,2.7578210670924794,3.011321234898955,875.052
33_fastb1,33,2.903373356741198,2.9675605131725162,873.09
33_fastb2,33,2.9794156530483886,2.8832389752856735,873.09
33_fastb3,33,3.0234459181850584,2.851192745762661,873.09
33_fastnb1,33,2.6092780354352327,3.084880141540497,873.09
33_fastnb2,33,2.715256175285345,3.023449370952988,873.09
33_fastnb3,33,2.761791575360954,2.9732004016178357,873.09
33_slowb1,33,2.955297861582777,3.001464996090697,873.09
33_slowb2,33,3.0237981847231157,3.066131032905317,873.09
33_slowb3,33,3.1321626890044922,2.9791799111209434,873.09
33_slownb1,33,2.627403494521578,3.024044170346621,873.09
33_slownb2,33,2.6538012580483583,3.0496298174929684,873.09
33_slownb3,33,2.7750379069949265,3.0113214931356556,873.09
34_bounce70b1,34,3.9532600275349465,2.869566216593061,932.931
34_bounce70b2,34,4.172811332376092,2.650900234529004,932.931
34_bounce70b3,34,4.058844976886935,2.8754436001171606,932.931
34_bounce70nb1,34,2.8637529508774864,2.8455578875124403,932.931
34_bounce70nb2,34,2.9272314716869303,2.8662023946776483,932.931
34_bounce70nb3,34,3.0344393000403844,2.778717499904925,932.931
34_bounce80b1,34,4.158053052829646,2.827774527056188,932.931
34_bounce80b2,34,4.07661407164084,2.8962130861069713,932.931
34_bounce80b3,34,4.000180061695207,2.828180913496182,932.931
34_bounce80nb1,34,3.1270110544190186,2.8928337066890677,932.931
34_bounce80nb2,34,2.912085949316532,2.7397941361317963,932.931
34_bounce80nb3,34,3.1691516947135474,2.728176498486538,932.931
34_fastb1,34,4.320559370543732,2.5889994223412995,935.8740000000001
34_fastb2,34,4.202862890074255,2.871047544700058,935.8740000000001
34_fastb3,34,4.257519355963171,2.9139195489853784,935.8740000000001
34_fastnb1,34,3.125943536168863,2.868484797811321,935.8740000000001
34_fastnb2,34,3.476093227201068,2.80241519002185,935.8740000000001
34_fastnb3,34,3.0916163313602794,2.9942014244410164,935.8740000000001
34_slowb1,34,4.091545152167567,2.7498092961025287,935.8740000000001
34_slowb2,34,4.118951423274312,2.8438630367621385,935.8740000000001
34_slowb3,34,4.256587488074226,2.839511767754524,935.8740000000001
34_slownb1,34,2.9214274847714363,2.854556446138862,935.8740000000001
34_slownb2,34,3.1063726489273225,2.7363731666667426,935.8740000000001
34_slownb3,34,3.561155540481454,2.8674892518692645,935.8740000000001
35_bounce70b1,35,3.6855848520188106,2.621295034761993,629.802
35_bounce70b2,35,3.693362634952383,3.084712959450217,629.802
35_bounce70b3,35,3.6628900878992474,3.0375691007345345,629.802
35_bounce70nb1,35,2.878202506012779,3.0307498486892976,629.802
35_bounce70nb2,35,2.8579529733781586,3.087651505842275,629.802
35_bounce70nb3,35,2.9141049229428804,3.2183803378519515,629.802
35_bounce80b1,35,3.698887957174795,3.2174838484634507,629.802
35_bounce80b2,35,3.6142249265743254,3.3217894427085177,629.802
35_bounce80b3,35,3.615200552738989,3.398437185399809,629.802
35_bounce80nb1,35,2.9418750025524996,3.4502017517083097,629.802
35_bounce80nb2,35,2.871317882728824,3.475908509674043,629.802
35_bounce80nb3,35,3.1322037859133913,3.5154987825631667,629.802
35_fastb1,35,3.657559406585328,3.482468670108421,619.9920000000001
35_fastb2,35,3.5653476534458415,3.300437301706488,619.9920000000001
35_fastb3,35,3.6084084676130272,3.4395225481114395,619.9920000000001
35_fastnb1,35,2.7702613540197607,3.460826551329682,619.9920000000001
35_fastnb2,35,2.7904569775413868,3.3852273988368093,619.9920000000001
35_fastnb3,35,2.8450322171999503,3.4435077723982372,619.9920000000001
35_slowb1,35,3.797780307542013,3.3777095125117866,619.9920000000001
35_slowb2,35,3.879186168635938,3.2217674833871843,619.9920000000001
35_slowb3,35,3.7567700846422305,3.4505861413437047,619.9920000000001
35_slownb1,35,2.841147490014024,3.337715161002547,619.9920000000001
35_slownb2,35,2.9194403139052247,3.4544719550823992,619.9920000000001
35_slownb3,35,2.8276453232706062,3.5648618412274065,619.9920000000001
36_bounce70b1,36,3.0213294650733165,2.6611996799170563,727.902
36_bounce70b2,36,3.1191905245749965,2.7516859399354727,727.902
36_bounce70b3,36,3.1465536607974136,2.8657113172883464,727.902
36_bounce70nb1,36,2.407254489797031,2.8951488934340506,727.902
36_bounce70nb2,36,2.5139745231544057,3.001881768632677,727.902
36_bounce70nb3,36,2.6285207236581183,2.99359198720221,727.902
36_bounce80b1,36,3.276882940632781,3.1804995204721114,727.902
36_bounce80b2,36,3.2377675072330447,3.0318511513313076,727.902
36_bounce80b3,36,3.2795943715409606,3.0837555198840403,727.902
36_bounce80nb1,36,2.8342665303416066,3.23324225957819,727.902
36_bounce80nb2,36,2.907109951502096,3.3694876391763726,727.902
36_bounce80nb3,36,2.8366343176448288,3.24942805117061,727.902
36_fastb1,36,2.9450121496682757,3.008537915899814,722.9970000000001
36_fastb2,36,3.193845248359892,2.9250372279543257,722.9970000000001
36_fastb3,36,3.180427913080074,2.9919600348415165,722.9970000000001
36_fastnb1,36,2.859718075485106,3.2377401836418045,722.9970000000001
36_fastnb2,36,2.604952917200787,3.0853360457100676,722.9970000000001
36_fastnb3,36,3.100157440048974,3.26867806536856,722.9970000000001
36_slowb1,36,3.0390670303533476,2.901582208491028,722.9970000000001
36_slowb2,36,3.2576773395137724,3.036252103046712,722.9970000000001
36_slowb3,36,3.1975530945833937,2.9952980455523885,722.9970000000001
36_slownb1,36,2.6689279369534566,3.1201289609296747,722.9970000000001
36_slownb2,36,2.6591950000608686,3.1772885125741483,722.9970000000001
36_slownb3,36,2.6607939681808275,3.133361062329312,722.9970000000001
38_bounce70b1,38,3.2150319785603765,2.4831235516266945,695.5290000000001
38_bounce70b2,38,3.142282428268624,2.607439808706788,695.5290000000001
38_bounce70b3,38,3.226049262636559,2.527319232786296,695.5290000000001
38_bounce70nb1,38,2.3984614144318273,2.866542290123925,695.5290000000001
38_bounce70nb2,38,2.6356840154532106,2.8179165993187048,695.5290000000001
38_bounce70nb3,38,2.400094065789386,2.9615558520900684,695.5290000000001
38_bounce80b1,38,3.1827839917025083,2.8059497885796145,695.5290000000001
38_bounce80b2,38,3.0149602425991873,3.0165043203511046,695.5290000000001
38_bounce80b3,38,3.056350994896683,2.7180429920019646,695.5290000000001
38_bounce80nb1,38,2.9705506918991227,2.9705506918991227,695.5290000000001
38_bounce80nb2,38,2.6600151580399407,2.999727433108494,695.5290000000001
38_bounce80nb3,38,2.6909323162323604,2.967254657186913,695.5290000000001
38_fastb1,38,3.2035598604625495,2.763943047070506,703.3770000000001
38_fastb2,38,3.42077978046017,2.78080815694472,703.3770000000001
38_fastb3,38,3.354511457962486,2.7247004539001143,703.3770000000001
38_fastnb1,38,,,703.3770000000001
38_fastnb2,38,2.5540607015861294,2.966870870396669,703.3770000000001
38_fastnb3,38,2.558196581659678,2.951196458116808,703.3770000000001
38_slowb1,38,3.110565208848021,2.7307727816100074,703.3770000000001
38_slowb2,38,3.1081954814978343,2.7102874318399515,703.3770000000001
38_slowb3,38,3.078155731241363,2.599809332491451,703.3770000000001
38_slownb1,38,2.4948644637245394,2.9242776965951096,703.3770000000001
38_slownb2,38,2.3783722766920894,2.820782967151571,703.3770000000001
38_slownb3,38,2.484838541963743,2.8999548486727567,703.3770000000001
39_bounce70b1,39,2.9674069825847496,2.655579607771579,915.273
39_bounce70b2,39,3.0956163964223333,2.7868865967221113,915.273
39_bounce70b3,39,3.210157600664175,2.763936476134113,915.273
39_bounce70nb1,39,2.810150514474527,2.89941818243075,915.273
39_bounce70nb2,39,2.3295659467565297,2.848468511261831,915.273
39_bounce70nb3,39,2.5248728768280215,2.947875816846293,915.273
39_bounce80b1,39,3.2006571339592997,2.9758565456640715,915.273
39_bounce80b2,39,3.1147771242803994,2.9508513519395287,915.273
39_bounce80b3,39,3.1727773151692524,2.898008847529237,915.273
39_bounce80nb1,39,2.4505129386237745,3.2003968862419803,915.273
39_bounce80nb2,39,2.7586420179550863,3.009115593890912,915.273
39_bounce80nb3,39,2.5789600746389354,3.1042292044131963,915.273
39_fastb1,39,2.8435019992989674,2.8740090820325594,939.798
39_fastb2,39,2.921431712834808,2.935929170629846,939.798
39_fastb3,39,2.8239157066525142,2.87464600728945,939.798
39_fastnb1,39,2.2999134803616856,2.9165167797562073,939.798
39_fastnb2,39,2.3532188881794123,2.9631783978312907,939.798
39_fastnb3,39,2.4060833620382174,2.9559911768728164,939.798
39_slowb1,39,2.938992947946572,2.770675451706018,939.798
39_slowb2,39,2.9812746106193626,2.817282601954491,939.798
39_slowb3,39,3.011048986118475,2.9116890781773113,939.798
39_slownb1,39,2.489983253809952,2.8209978222872247,939.798
39_slownb2,39,2.5341788995439174,2.850822876235991,939.798
39_slownb3,39,2.4551735599516067,2.897758794718638,939.798
40_bounce70b1,40,4.833666692415477,3.365336173214862,795.591
40_bounce70b2,40,4.9299815293125695,3.374361603547265,795.591
40_bounce70b3,40,4.851550850602266,3.5312456508395655,795.591
40_bounce70nb1,40,4.356908671854016,3.4942414048865262,795.591
40_bounce70nb2,40,4.485310757828009,3.3167464631925125,795.591
40_bounce70nb3,40,4.443684435962014,3.4409956939494633,795.591
40_bounce80b1,40,4.867208204176852,3.986111404496637,795.591
40_bounce80b2,40,5.046765932067496,3.82181342989595,795.591
40_bounce80b3,40,5.003914486354799,3.77727200827222,795.591
40_bounce80nb1,40,4.354895252221027,3.791828081538062,795.591
40_bounce80nb2,40,4.21559795396054,3.9320494577835574,795.591
40_bounce80nb3,40,4.474799383075676,3.8246214584624014,795.591
40_fastb1,40,4.83804823089572,3.547079445505397,787.743
40_fastb2,40,4.863049117692647,3.626418742340249,787.743
40_fastb3,40,4.878923463548426,3.5402242483814343,787.743
40_fastnb1,40,4.26469293405796,3.5596064183895084,787.743
40_fastnb2,40,4.3302907494902065,3.4671069897404645,787.743
40_fastnb3,40,4.404205183769815,3.7004858289028224,787.743
40_slowb1,40,4.944224741560957,3.511715337452867,787.743
40_slowb2,40,4.920622151699295,3.4181358413637932,787.743
40_slowb3,40,4.879391952675705,3.4727119272794327,787.743
40_slownb1,40,4.317604472612488,3.5269927594648913,787.743
40_slownb2,40,4.266731245578336,3.697420269940755,787.743
40_slownb3,40,4.125210016025061,3.5141217658188326,787.743
